{
    "edhIdentifier" : "guide://000000/a8a60d1d-c486-3a5c-aaef-7a86250a67ff",
    "name" : "XVIEWCHALLENGE-00109:20180116002258",
    "metadata" : {
      "FDT" : 20181119220038,
      "IDATIM" : 20180116002258,
      "NROWS" : 2606,
      "NCOLS" : 3094,
      "NBANDS" : 3,
      "NBPP" : 8,
      "RPC00B" : {
        "ERR_BIAS" : 0.0,
        "ERR_RAND" : 0.0,
        "SAMP_OFF" : 1546,
        "LINE_OFF" : 1302,
        "LONG_OFF" : -71.60608499332466,
        "LAT_OFF" : -33.04329852525633,
        "HEIGHT_OFF" : 0,
        "SAMP_SCALE" : 1546,
        "LINE_SCALE" : 1302,
        "LONG_SCALE" : 0.005480569895283338,
        "LAT_SCALE" : 0.004615869569128961,
        "HEIGHT_SCALE" : 10000,
        "LINE_NUM_COEFF_1" : 6.922143414023196E-12,
        "LINE_NUM_COEFF_2" : -2.7755575615628914E-17,
        "LINE_NUM_COEFF_3" : -1.0000000000081888,
        "LINE_NUM_COEFF_4" : 3.1817031920785915E-16,
        "LINE_NUM_COEFF_5" : -1.7486012637846216E-15,
        "LINE_NUM_COEFF_6" : 2.198492534971722E-16,
        "LINE_NUM_COEFF_7" : -3.451006462102153E-16,
        "LINE_NUM_COEFF_8" : 1.9637069748057456E-15,
        "LINE_NUM_COEFF_9" : -3.446576357646336E-12,
        "LINE_NUM_COEFF_10" : -1.1441899954786728E-17,
        "LINE_NUM_COEFF_11" : -2.079400052001857E-18,
        "LINE_NUM_COEFF_12" : 4.579669976578771E-16,
        "LINE_NUM_COEFF_13" : -4.0245584642661925E-16,
        "LINE_NUM_COEFF_14" : 9.293641870395058E-24,
        "LINE_NUM_COEFF_15" : 2.1477264411373653E-13,
        "LINE_NUM_COEFF_16" : 7.937817070313713E-13,
        "LINE_NUM_COEFF_17" : 0.0,
        "LINE_NUM_COEFF_18" : 0.0,
        "LINE_NUM_COEFF_19" : 0.0,
        "LINE_NUM_COEFF_20" : 0.0,
        "LINE_DEN_COEFF_1" : 1.0,
        "LINE_DEN_COEFF_2" : -5.967448757360216E-16,
        "LINE_DEN_COEFF_3" : 3.4833247397614286E-12,
        "LINE_DEN_COEFF_4" : 0.0,
        "LINE_DEN_COEFF_5" : -4.0245584642661925E-16,
        "LINE_DEN_COEFF_6" : 0.0,
        "LINE_DEN_COEFF_7" : 0.0,
        "LINE_DEN_COEFF_8" : -2.1720125698010406E-13,
        "LINE_DEN_COEFF_9" : 5.39422673195844E-13,
        "LINE_DEN_COEFF_10" : 0.0,
        "LINE_DEN_COEFF_11" : 0.0,
        "LINE_DEN_COEFF_12" : 7.494005416219807E-16,
        "LINE_DEN_COEFF_13" : 1.5265566588595902E-15,
        "LINE_DEN_COEFF_14" : 0.0,
        "LINE_DEN_COEFF_15" : -6.328271240363392E-15,
        "LINE_DEN_COEFF_16" : -3.0531133177191805E-14,
        "LINE_DEN_COEFF_17" : 0.0,
        "LINE_DEN_COEFF_18" : 0.0,
        "LINE_DEN_COEFF_19" : 0.0,
        "LINE_DEN_COEFF_20" : 0.0,
        "SAMP_NUM_COEFF_1" : -7.042977312465837E-16,
        "SAMP_NUM_COEFF_2" : 0.9999999999999925,
        "SAMP_NUM_COEFF_3" : -1.6653345369377348E-16,
        "SAMP_NUM_COEFF_4" : 7.088122356255893E-16,
        "SAMP_NUM_COEFF_5" : 8.326672684688674E-16,
        "SAMP_NUM_COEFF_6" : 5.205141272358005E-16,
        "SAMP_NUM_COEFF_7" : 9.737829582908947E-16,
        "SAMP_NUM_COEFF_8" : 7.91033905045424E-16,
        "SAMP_NUM_COEFF_9" : 8.604228440844963E-16,
        "SAMP_NUM_COEFF_10" : -1.3255337444042605E-17,
        "SAMP_NUM_COEFF_11" : -1.4967871953602935E-16,
        "SAMP_NUM_COEFF_12" : 4.871103520542874E-15,
        "SAMP_NUM_COEFF_13" : 9.71445146547012E-17,
        "SAMP_NUM_COEFF_14" : 6.999979600687935E-19,
        "SAMP_NUM_COEFF_15" : 2.498001805406602E-16,
        "SAMP_NUM_COEFF_16" : 1.8041124150158794E-16,
        "SAMP_NUM_COEFF_17" : 0.0,
        "SAMP_NUM_COEFF_18" : 0.0,
        "SAMP_NUM_COEFF_19" : 0.0,
        "SAMP_NUM_COEFF_20" : 0.0,
        "SAMP_DEN_COEFF_1" : 1.0,
        "SAMP_DEN_COEFF_2" : 4.0245584642661925E-16,
        "SAMP_DEN_COEFF_3" : 4.996003610813204E-16,
        "SAMP_DEN_COEFF_4" : 0.0,
        "SAMP_DEN_COEFF_5" : 1.3877787807814457E-16,
        "SAMP_DEN_COEFF_6" : 0.0,
        "SAMP_DEN_COEFF_7" : 0.0,
        "SAMP_DEN_COEFF_8" : -4.246603069191224E-15,
        "SAMP_DEN_COEFF_9" : -2.3592239273284576E-16,
        "SAMP_DEN_COEFF_10" : 0.0,
        "SAMP_DEN_COEFF_11" : 0.0,
        "SAMP_DEN_COEFF_12" : 1.4016565685892601E-15,
        "SAMP_DEN_COEFF_13" : 1.0547118733938987E-15,
        "SAMP_DEN_COEFF_14" : 0.0,
        "SAMP_DEN_COEFF_15" : -1.1102230246251565E-15,
        "SAMP_DEN_COEFF_16" : 1.2212453270876722E-15,
        "SAMP_DEN_COEFF_17" : 0.0,
        "SAMP_DEN_COEFF_18" : 0.0,
        "SAMP_DEN_COEFF_19" : 0.0,
        "SAMP_DEN_COEFF_20" : 0.0
      }
    },
    "tileWidth" : 512,
    "tileHeight" : 512,
    "width" : 3094,
    "height" : 2606,
    "minrlevel" : 0,
    "maxRLevel" : 3,
    "boundingBox" : [ -71.61156556321994, -33.04791793867919, -71.60060087957558, -33.038682655687204 ],
    "bounds" : {
      "type" : "Polygon",
      "coordinates" : [ [ [ -71.61156556321994, -33.038682655687204, 0.0 ], [ -71.60060087957558, -33.038682655687204, 0.0 ], [ -71.60060087957558, -33.04791793867919, 0.0 ], [ -71.61156556321994, -33.04791793867919, 0.0 ], [ -71.61156556321994, -33.038682655687204, 0.0 ] ] ]
    }
  }